pid,ati_means,item1,item2,item3,item4,item5,item6,item7,item8,item9
1,4.333333333333333,6,6,1,6,6,1,6,1,6
2,2.6666666666666665,1,1,6,1,1,6,1,6,1
3,3.888888888888889,6,5,3,3,2,6,2,4,4
4,3.111111111111111,1,2,4,4,5,1,5,3,3
